ORA_MI_BONUS_NOT_IN_PG_MI_BONUS,
ORA_MI_OBJECT_SRCKEY_NOT_IN_PG_MI_OBJECT_SRCKEY,
ORA_MI_PERFORMANCE_LOCAL_GENRE_NOT_IN_PG_MI_PERFORMANCE_LOCAL_GENRE,
ORA_MI_PERFORMANCE_ML_NOT_IN_PG_MI_PERFORMANCE_ML,
ORA_MI_PERFORMANCE_NOT_IN_PG_MI_PERFORMANCE,
ORA_MI_PRODUCT_KEYWORD_NOT_IN_PG_MI_PRODUCT_KEYWORD,
ORA_MI_PRODUCT_ML_NOT_IN_PG_MI_PRODUCT_ML,
ORA_MI_PRODUCT_NOT_IN_PG_MI_PRODUCT,
ORA_MI_SONG_NOT_IN_PG_MI_SONG,
ORA_MI_TALENT_ML_NOT_IN_PG_MI_TALENT_ML,
ORA_MI_TALENT_NOT_IN_PG_MI_TALENT,
ORA_MI_TRACK_NOT_IN_PG_MI_TRACK,
ORA_MI_UPDATE_LOG_NOT_IN_PG_MI_UPDATE_LOG,
ORA_MI_UPDATE_ML_LOG_NOT_IN_PG_MI_UPDATE_ML_LOG,
PG_MI_BONUS_NOT_IN_ORA_MI_BONUS,
PG_MI_OBJECT_SRCKEY_NOT_IN_ORA_MI_OBJECT_SRCKEY,
PG_MI_OBJECT_SRCKEY_VS_ORA_MI_OBJECT_SRCKEY,
PG_MI_PERFORMANCE_ML_NOT_IN_ORA_MI_PERFORMANCE_ML,
PG_MI_PERFORMANCE_NOT_IN_ORA_MI_PERFORMANCE,
PG_MI_PERFORMANCE_VS_ORA_MI_PERFORMANCE,
PG_MI_PRODUCT_KEYWORD_NOT_IN_ORA_MI_PRODUCT_KEYWORD,
PG_MI_PRODUCT_ML_NOT_IN_ORA_MI_PRODUCT_ML,
PG_MI_PRODUCT_NOT_IN_ORA_MI_PRODUCT,
PG_MI_SONG_NOT_IN_ORA_MI_SONG,
PG_MI_TALENT_ML_NOT_IN_ORA_MI_TALENT_ML,
PG_MI_TALENT_NOT_IN_ORA_MI_TALENT,
PG_MI_TALENT_VS_ORA_MI_TALENT,
PG_MI_TRACK_NOT_IN_ORA_MI_TRACK,
PG_MI_UPDATE_LOG_NOT_IN_ORA_MI_UPDATE_LOG,
PG_MI_UPDATE_ML_LOG_NOT_IN_ORA_MI_UPDATE_ML_LOG